iers_name,source_id
1101+384,763335402123160576
1226+023,3700386905605055360
0716+714,1111278502434316672
1254+571,1577113301057089664
2200+420,1960066225988786048
2155-304,6616660280724162688
1424+240,1254715738511038976
1553+113,4456196249421914624
1652+398,1352838630075616384
2043+749,2277830824488948608
1833+326,2091155809049639552
0405-123,3189105374395563264
1215+303,4013512389672203264
0219+428,339755075874658560
0430+052,3282513216501834880
0851+202,660820614442429056
2005-489,6667500981134955776
1718+481,1365900793853830144
0109+224,2791050863417322368
0208+106,72424525979524480
1222+216,3952378340577139456
1959+650,2247560101147313024
1302-102,3622979843899961472
1722+119,4540370805194960384
1845+797,2294218358105826432
0806+524,935595682689053312
1100+772,1128389102385082368
2128-123,6891264374916370304
0454-220,2973279728718524672
0506+056,3239205274549727488
1309+355,1473927673844171904
2251+158,2828719856907485056
1542+616,1639461348429154816
2201+315,1899428400235300608
0521-365,4822275862749577472
2251+113,2718410390777896576
1246+586,1578013182604935168
0742+318,881602755458418432
1418+546,1608689041624449536
0955+326,746772668199889536
1227+255,3960262766661145216
0003+158,2772557627594347904
0959+684,1070178860866225792
1011+496,846983979023105920
1219+285,4010020203303760640
0757+477,932909026026715008
0048-097,2474026167520609920
1803+784,2293842045955346176
2345+270,2865043426122340480
0017+257,2855670909833272576
1133+704,1062377413550022144
0637-752,5261519281893469568
1217+023,3700987479471195136
1721+343,1335705558855738624
1225+317,4015522743604478848
0332-375,4859506529056195584
1833+250,4536107002188395648
1538+477,1401110145472436992
0422+004,3254893965448113024
0321+340,125759532941980160
0044+030,2550891582308656640
1928+738,2264975124082451712
0134+329,316083930556737152
0241+622,465837105032855680
1331+170,3745628579272079616
1241+176,3935608623589796480
0810+646,1091852056117623936
1101-325,5402067138852820096
0829+046,3092416108553785600
1749+701,1638133859936940288
0118-272,5036556350991034368
0007+106,2753828099849995776
1727+502,1366729756901871104
2220-351,6598843759948223488
2141+175,1773954229213490176
2344+092,2759774705410731264
2145+067,2700779584387430016
0912+297,698721948482742784
0159-117,2461293681136044544
2007+777,2291355710864269824
1137+660,1056752930537522432
1545+210,1216220221517728000
1150+334,4027695642994307840
1510-089,6320281462554957184
0518+211,3414331878849395584
0743-673,5274130508466009344
0002+051,2742071537411222144
0206-178,5144317183526708480
0542-227,2963986965680656128
1136-135,3584915026225268608
1354+195,1246691708810048256
1055+567,856842200277126272
1056-113,3757027731713518336
0735+178,671322427957671168
1429+400,1487862952933883648
1011+250,726636590205957248
1902+556,2140895000667560064
1146+531,792438684637765760
1147+245,4004567896940093952
0954+658,1065521157812283392
2216-038,2627521907767413248
0622-645,5476948725428677376
2347+079,2758667978237768576
2151-152,6839233324319219072
2349-014,2641560953268302464
1919-166,4180963406388084480
1425+267,1256406684315518592
1736+324,4600965956152818560
0237-233,5125348030967198080
0524-460,4799084619899288832
2241+406,1932324585546572416
0305+039,2673466818523904
1055+018,3808373275462572800
2230+114,2730046556694317312
0014+813,566773097086885888
1619-680,5809076416137387520
0454-234,2972556043909927040
0355-483,4831563025151827072
0232-042,2495278696492575104
0738+313,880027808129832192
2344+514,1945016660584494208
0108-170,2358587823244736768
1143-696,5234037229288975872
1637+574,1430454702068334720
1909+268,2036483452361612416
1147+659,864641654727486848
0435-300,4878752346229853824
1250+532,1569757430828948736
2152-699,6395981017061683968
0312-770,4638902749442043904
1200-051,3595842007141999616
1541+050,4427805416081529344
0003+123,2766249969904286976
1200+608,1582257469286900224
1554-643,5822993931260093568
0448-392,4817873486911305472
1416+067,3673325789845977728
0214+083,2521717690532982272
0736-063,3055976643947742464
0959-443,5414860575124953600
0834-223,5702066962347118464
0636+680,1105880170923302912
0859-140,5732361698850971264
1805+220,4576447053022726912
2250+190,2835026037129822336
0736+017,3087152677675802752
0206-048,2491479162264016768
2324+151,2814304297395130624
1417-192,6283977925067872000
1727+386,1343515076414461440
1433-040,3648004453670051840
0625-354,5581432772795168768
0244-452,4945712466921948288
0426-380,4865661388990395264
2134+004,2688228556077120768
2209+184,1777870036796492928
1717+083,4395135485350020608
0005-239,2337107764084369280
1004-217,5666845859695917312
1156+295,4008143096437001216
1828+487,2120524073860930048
1856+737,2267787404245776000
0137-158,2452556588080289920
2115-305,6787605133066606464
1307-556,6066583104531461632
1435+638,1667101971238997248
0202-765,4637046842533931776
1717+490,1366200788729366272
1229-021,3693710877159936896
0454+039,3239286500971869056
0751+485,933952114667861632
0622-441,5567293534297414528
0119-046,2482544423402120192
1216-010,3694996309331660672
1013+014,3832316648690766976
0925-203,5677918560263178240
1741+196,4552250444218567680
0336-019,3250954002969129088
1103+023,3811474825966029312
0839+187,660927404509396224
2201+044,2696140813549252352
0404+065,3297163315589557504
2342-161,2418740420772715264
0559+422,960838236281876096
0836+710,1121593222876349696
1050+341,738148202070699392
2243-123,2604532558444562304
0402-362,4857855509267920640
1449-012,3650323426772297216
2208-137,2612268108077676032
0518-458,4799794011057558016
2326-477,6526555650725696256
0403-132,3188890454231856000
0537-158,2972032985612404736
0024+224,2800056963160468096
1252+119,3927853733720028800
0421+019,3279872395729874432
0754+100,3147336302046608384
2344+068,2756959886924102912
0346-163,5108169707972914304
1448-232,6230339860919290880
0446+074,3289021363265495680
0603+476,969524309420971392
1818+551,2149308429282044288
1215+113,3907282798876948736
0823-223,5697023601292768640
2249+402,1929670055238628608
1558-072,4349670374604470656
1317+520,1562824391541222400
0845-068,5754104820463176704
1038+064,3859450950691805696
1749+096,4488787487759666304
2331-240,2387208145275074176
1450+455,1586744782398683776
0830+425,915072061205861760
1548+114,1189547168940382464
0923+392,811655570910554752
0842-754,5216426317174691200
0210+515,358873143541331584
0122-003,2534055344867939584
1231+481,1543824487018566400
2240-260,6622807272278553216
2355+490,1939912006057110784
1756+237,4577793920400200192
2237+121,2730003465287208704
1759+756,1655893373611277696
1717+178,4547472344639754240
1938-302,6751456974619251712
2008-159,6874544105889170176
0454-463,4786973117065681024
1307+433,1526147501136922240
1104+167,3971145595313794432
0338-214,5088426567947507200
1635-141,4327083966226367104
1643+007,4383075324559438336
1437+374,1486413968406812288
0742+263,868889377383950848
1550+582,1625854617157111040
1656+053,4392588127364296576
0609+413,960134235305760896
1058+726,1075610787609686528
1032+382,754974608331300096
1020-103,3767469724922500352
1514+004,4419024613142451200
1420+044,3669358889331746304
0300+470,435815622926283392
2300-683,6390824032648969856
2300-189,2399943582301006592
0056-572,4907683452093475200
1149+499,787895743112110720
2329-384,6538550291787507840
0921-213,5676264104501189888
0208-512,4936948294096305536
0007+171,2796761658092712320
1458+718,1695547569704716672
1201-068,3594766787849214336
1931-243,6768230814771364352
1750+472,1362944000928467456
0455-183,2976313831056576896
1116+603,860903796230165760
1235-197,3515721556897376768
0655+696,1109357518182452096
0035-037,2528412754274174848
0641-135,2952214872640008960
1621+392,1332433029997756032
2126-158,6841341633570424960
1116-462,5374708776997660800
1424-418,6103247522322060288
1451-375,6198608539458284800
0923+171,631406513734786048
1937-101,4193373834644172800
1603+699,1647073370506844416
1059+599,860692071522063104
2335-181,2394100395258777984
1312+240,1446820073654023680
1341+691,1673069982915779968
0514-161,2983188905465486208
1009-321,5459371898188290944
1245-457,6129112262058486656
1038+528,849141633152788096
1148-001,3795145841343641856
0743-006,3085602194483071616
2030+547,2186536273796890752
2353-686,6388517703930661120
0326+349,221870039052484352
0051+291,312017283722175104
1055+285,730687942661516416
0055-328,5027525374797786880
0844-652,5273302163896665472
0147-076,2467002693400034560
0731+479,975886908332159360
0952+338,794971920771995648
2208-373,6574894992241513984
1821+107,4483552098728068096
1637-771,5777527751033417856
0150-193,5140873989849388416
1849+670,2255678134794231552
2314+160,2817472540150719744
1303-827,5770791730483532032
1723+658,1633741620222388864
0906+015,3843655190553720064
1831-711,6419637349034013440
0521+793,553498761925306368
0546+726,498476176414045568
0901+237,687943947096068608
2337-011,2641059193712627840
1646+499,1412115363513687168
1044-128,3757129054286548352
0210+225,100863119353991808
1705+456,1358852924319583104
0003-066,2442050857556048000
2233-148,2597680539419049728
0918-297,5634763858449367936
2153-204,6823406365538019840
2140-048,2671446916261035904
2142-758,6358255119548684928
1200+483,1546176376752689792
0827+243,678455544001937024
1442+637,1620538061824241024
1404-342,6122257150650813696
0708+742,1112222742404700672
0844+068,583177673133087872
1055+201,3985009028190654592
2155-152,6839190232912027648
1438-347,6203095856867690880
2212-299,6614926728844941952
0613+570,998096317363339392
1123+203,3978449513617897344
2217+259,1880123209431249792
1347+539,1561346132516819072
2010+463,2082570508723293184
0333+321,217587067601359872
0952+179,626100682935806848
0925+504,1018273253381414272
0038-019,2530371156282693504
1659+399,1353629728691862144
1127-145,3560951342096821504
0922+005,3840852470989965184
2116+203,1790535375660865280
1651+312,1312920959213325056
1705+135,4544389485834043136
1625+582,1623596800093783808
1244-255,3496722305207229440
1206-399,6149439032297794816
1602+576,1622625076627802752
0506-612,4760823848635177984
0111+021,2538575024852905856
1726+455,1361813389442063744
1027+749,1126525224017094656
0610+260,3426927226927795840
1258+287,1463852608280412416
0428-252,4893129251036870400
0118+111,2586473835872133376
0920-397,5429515690730618368
2044-168,6862008054125736192
1240-294,3470843821579032832
1615+029,4436071407066035200
1328+307,1468213889872439040
1352-104,3613827543470072832
1349-439,6107957791478046976
1217+348,4017045326690644480
0950+326,793345987887507456
1128+517,838441495229289344
1622-310,6025638837683629184
0902+490,1012686978397952384
0222-234,5120373874722850176
0415+379,177837935551654656
1155+169,3926167804437477376
0251+393,143470809839700736
1750+175,4502986757018560640
1002+483,822841860476724864
2123-071,6898224287812719872
1143-245,3491586245877290752
0621-786,5211906602828596608
1801+010,4467748852460639616
0324-328,5053943168880300544
1247+139,3930548361842063744
1429+249,1255148254602830848
0708+506,980017941020542848
2255-282,6609630523067800192
2223+210,1874666432005468544
0248+430,337378344051896448
1124+455,784595043562844416
1118-140,3561646297868002688
1130+106,3914681069022866048
0215-167,5144090443612981248
0528-250,2957279356336516736
0235+164,81603794508719872
1012+232,725384929361390336
0802-170,5715048964860530560
1018+348,752369010586632320
0109+200,2787149005887978240
0537-441,4802492418750413568
1551+130,1191498252323326720
0417-302,4885074263210838656
1508-055,6334754986946419072
0106+315,313271963928533760
0256-005,5188132477079990528
0838+456,917482740449719936
0100-270,5034361176027108352
1157+014,3891438664522632704
1954-388,6690800285363498112
2058-425,6581185229545444864
1632+321,1324700272095613568
1111+149,3969942106822633216
0815-094,5752609858311288832
1206+416,1537003700991469696
1150+497,787795687553996416
2232-488,6517562951276126848
1557+565,1621714848503992832
2331+073,2757607082659393536
0411-063,3196409601937332864
0748+126,3152033381360187776
0728-054,3055568484616352256
1335+023,3711694244529293440
2031+216,1818540142979855488
0325+395,235286795331685632
0802+115,3147918935832394880
0153+744,558920831719864704
1901+319,2043550082305460480
0821+411,914731517543411072
0202-172,5144596631278605568
1127+078,3910744061481137024
0812+020,3089999759954211200
1714+231,4568505383604828928
0906+087,590367822048665472
0226-038,2490102981727544576
2023+760,2290186964363668352
1255-316,6183506579746699136
2215+006,2679204069578712064
0908+201,636726706904197120
1959+437,2076046217187104384
1104-445,5387108970354801152
1022+237,725652454284817152
2227-399,6593709182380685696
1405-287,6173294895567213696
2228-146,2597831795282426752
0104-035,2531469667181305088
0252-549,4740722641479899904
0056-001,2536478427977546752
1848+283,4538495725559294208
1441+252,1267075864114885632
0138-097,2465161148862568960
0132-389,5008895902611667968
0520-165,2982412199282526720
0105-008,2533189406446157952
1323+037,3713009707112441088
0059+581,425704857595637120
0702+612,1098957443852434048
2101-490,6479651648615693184
1157-215,3494237305850220800
0438+785,553218347803410432
1100+122,3871593304274096896
1040+123,3872348149071098880
2149-307,6616982300192948608
2107+353,1868050125092374784
1119+183,3977034334778479744
1415+463,1505300657594707712
0135-247,5038630506661561472
1611+343,1328936312439763072
1213+097,3905509664579344000
1414+129,1226730350085618176
0804-055,3067211522477495168
2206+178,1776336763537000576
1413+487,1508014351074848000
1830+285,4587243260767814912
0106+678,532556192152119168
0833+416,911966692476309248
0507+179,3395133340676343552
1605+542,1428903664822965248
1019+309,741918702320562560
1348+237,1251787258010104320
0828+065,595673859006271104
0451-282,4880113438545538048
1633+382,1331488308992280576
0854-108,5737325791987220480
1753-418,5956749344653379328
1542+328,1370406077108780800
1724+322,4600394347544921088
1150+095,3912043576850323840
1211+334,4016498384080131840
1020+400,756029731472171648
1640-231,6047998398757215232
0213-013,2494670353029175936
1039-474,5366065859688764160
0613-312,2896018382368707328
1332+031,3711984073217546624
0258-170,5153060465631001600
1005+066,3873534698211216896
0255+288,116976599699710592
2345-167,2418459250738154752
0807+103,3146804894332818688
0836+182,659428392203602176
1846+326,2090569112216726656
2059+034,1731311143904413312
1242+574,1577558397108187136
1746+197,4552589574835929472
0514-459,4798486176336060032
0237+040,2503912229297052800
1015-214,5667801880761400448
2227-088,2621231837967917568
0821+621,1090097613517088256
1317-005,3686634557761443712
0410+110,3303970215981157120
1123-356,5398117761806465664
1328-263,6189689885247890048
0656+082,3157193904827489408
1123+002,3797848883305320192
0820+225,676375886481155968
1806-458,6719847836398586240
0918+140,594418800842356352
0112-245,5040922404290230656
1046-409,5391831815173439744
0145+386,343640745670951296
0610-436,5568493200265890560
1228-352,6157795183229746944
1539-164,6261403370806077696
1509+022,4420259158541987456
1144-379,3463339929597928576
1238+702,1682935381059775360
2144-362,6587943304749488768
2325+293,2869659927553602816
1518+162,1207364033310883712
0131-522,4916193087977307648
0034+393,368693152469045248
0419-068,3199098045306661376
1601+112,4456721678539865728
0133+476,399265111935819392
2254+074,2712232853416646912
2000-330,6747142216109250048
2012-017,4223922596989141632
1800+440,2114376184658724864
2135+347,1950712371336714752
0110-668,4704887599025497216
0939-077,3819466862455671808
0015-054,2443880135666727296
0046-315,5007643215270000384
1124-186,3546074709254777984
1145+268,4005892426199208960
0814+425,915854741686376576
0752+258,873867725517743616
0803+514,935427384394973184
1300+485,1555073654907269120
1205-008,3697824180222657792
1210+197,3950585174551228032
0202+319,301663938637889664
1720+250,4570295384237538432
0917+449,818697217035606272
0552+398,3458177821288511360
0913+786,1131863421689552512
1921-293,6758696945147732352
0047-579,4907588584855702272
2052-474,6481716565812965248
0637-128,2953251299789106688
1250+293,1464087800688898816
0642-349,5582292724030402304
0229+131,74877325967391872
1040-414,5391750760550516992
0231+045,2516046851938289280
1533+487,1402016555370377088
2325+152,2814403042987077760
0850+581,1037414097258022272
0148-177,5141378051506822016
1951+498,2087285455099845248
2015-113,6881088532237883904
1508-325,6207463460648509568
1811+062,4471778700018696832
1333+459,1551544394375704064
2300+386,1929810071171721600
0523-236,2958430892905846912
0858-279,5647953668656693120
0808+019,3090641393709838464
0107-045,2483030068239767424
0218-133,5150434488266469248
1853-179,4086896166563627648
1758+388,4611125301857579776
1215-002,3698084253378673024
0256+075,8527129285880704
0740+828,1148652032236812032
1926+611,2240084345492743040
0123-226,5043068650987248000
1823+568,2151322077453975936
0403-179,5096316182350842752
1058+629,1054499030484297728
0150-334,5017548676869664128
1030+611,1048060496550812416
0002-170,2414919854088816640
0538+498,214160985073379840
0539-543,4768409993534612992
0151+081,2568966522676999680
1656+477,1408229483262203776
1320+394,1476549317585085312
1339+274,1451654969878861824
1502+106,1168109166096372736
0106+013,2538237264329224576
1109+076,3818181121045403008
0035+121,2775838462917032064
1546+027,4423448219003043968
1221+464,1544889565889201664
1413+373,1484166360482048640
0234+285,128214944269183232
1700+320,1310484269646556416
1633+186,4563281088463799040
1015+359,753415535202884352
1613-586,5834978539316077056
1105-680,5237847999155608832
1210+134,3920556618643973760
1416+159,1231930627769287808
0229+200,86621076520103680
0644+491,990901014487303168
1237-101,3578701750439351296
0224+498,451521051315373056
1013+596,1048238553010783360
1739+522,1368492853860935552
0833+585,1034627148815879424
2157+213,1782404384094881408
2215-508,6511358712103173504
1834+612,2159528419925680512
1942-313,6751101312664046848
2144-065,2667978949213003648
2022+171,1815021156016209024
1917+495,2132637943222806784
0509+406,188991136689395456
0908-052,5758355772934031744
1219+044,3701924057219570688
1145-071,3589359114785552384
1511-100,6319019562508305664
0502+049,3239036598297420032
1307+562,1564770492760471936
0446-096,3184832942791587584
1055-248,3536561734651545600
0405-385,4845316640008870784
0116-219,2353145515564891008
1446-111,6325411470277162752
0100-760,4684457062370970752
1531+722,1696149311802568960
1016-311,5460943031585133056
1526+670,1644786863061748224
2142+110,1765863129302755200
0802+596,1083617156404622464
1442+101,1174584976051272320
1256-229,3498982351358009600
1659-621,5817514613816457984
1421+122,1225717661221577344
2235+071,2709732387881230080
2245-128,2604263178095912192
2022-077,6906252608186394112
0550-453,4801702385286000384
1741+597,1435242078774779392
2356+196,2846348636073398144
1543+517,1404404140574664960
1043+066,3865287394635288320
0355-079,3195205877223249024
0534-340,2900665090305816064
1336-237,6191976422757560064
2036-109,6901441110943467776
0700-007,3112585687298637056
1039+811,1133938475009700864
1454-060,6334052326001458816
1108+527,842338370597150208
1213-172,3520774701885649664
1343+386,1496638288377862912
0532+506,215157215624215552
1356+022,3664310653491357696
0746+110,3150660224479442688
0332-403,4850050557258905600
1216+179,3946753131714484992
0325+005,3264516749479380480
0502+041,3238562403846092288
2254+024,2655881675606766208
0912-330,5630916912081851776
1032+354,751087113172272640
1335+552,1562088440304610688
0912-273,5637689280933827072
0718+374,898154593048970752
0700-197,2932521687378325376
1348+087,3722008488231607168
1402-144,6301453077547958656
1606-219,6242914322571937408
1322-078,3631039672152609024
0206-625,4713172728378357632
0309+360,139087533719190912
1851+609,2156691374985511168
1241+166,3934402111441614208
1726-038,4363587438736093312
0025+449,388785524876173440
0826+180,662196275288503424
0042-373,5001107232822340864
1129-580,5336655023157701760
1807+279,4589262612651015040
1229+645,1679936845347969920
1239+606,1579976218883369088
0537+558,268159826475593600
0512-205,2963247058774947840
1656+348,1338723374678379904
1354+247,1257953933398500992
0450-743,4652367368842697984
1313-333,6167533970034510336
0503-163,2985937959412521472
0431-512,4781361729409854464
0357+057,3273735231061811328
2320-035,2634444463040334848
1933-400,6689916759051773312
0112-017,2533580660787554432
1415+172,1232685472565226880
1047+048,3858053574492795392
0749+426,925532432579965184
1119-252,3534235816585673984
0834+250,702569208388453120
0145+210,97994832819118976
1830+074,4478853881247015040
2335+148,2819309544906466176
0930+289,696230347758665088
1334-127,3607230061386572800
1437-153,6286714570854483328
1316-120,3609614932171317248
1352+757,1712312235810163456
0228-163,5133524274309051136
0722+145,3166823187142645504
0049+437,375949070218527744
2314-340,6555259496980444288
0244-128,5158824547965034112
1228+045,3707731883797124096
1851+331,2090505959019996928
0650+371,941025139827573888
0027-426,4992764447828973184
0916+864,1150948744525400576
1823-455,6709338287632686848
2002-185,6867641195791700864
1509+054,1156916309524509184
0253-218,5079206334017654016
1738+451,1350296559192483712
2312-319,6556811560722517632
0514+109,3386948262585039616
0006+061,2742639774468057984
1725+044,4389621743778706688
1048+470,831248215284897152
1115-306,5404019901567577472
2050+226,1839116815899951104
0326+277,118127955875949312
0815-294,5644550199131239296
0847+807,1144422245364651136
0633+734,1113489409862649472
0329-255,5084981591859183360
2319+272,2844831928501379968
1418-198,6283710395849319552
1013-196,5669054602461765632
2204-540,6509290397587697920
0201+365,330569201683212288
0110+318,313646347637687168
2356-069,2442719699927398912
1021-006,3830889207719998080
1954+513,2088894624726289152
1657+265,1306648971227632128
1910-451,6664566689541687808
1600+244,1218907045681098496
1621+078,4439878461775172864
1419+469,1506800597613715968
0948+658,1066310912103182464
0724+571,989396328529597440
1730+604,1435853609102280960
1549+089,4455227717118218624
0855-196,5704522408033315328
0709-387,5565072039775498112
1247+166,3934540134510454272
0113-118,2468810737193128960
0949+510,827688507731396864
1737+222,4556346262474339456
0244-470,4753304048094632192
1937+381,2052105137460077568
1144+402,768184901236813952
0212-039,2492878046000294528
1730-130,4161709720849689600
0440-285,4879331647122068992
1115-122,3565258094782022400
2152+172,1778999162223490560
0007+439,386233558388737664
2310+385,1917608580182461312
1033+223,721371333963078400
0615+820,1143262501116088704
1607+563,1621554319805902208
2357-326,2314315845817748992
1610-771,5780473991219814400
1052+023,3808664298152805632
0953+254,643509555481026176
0645+858,1150537900837381504
1935-179,6870087265566328064
0621+446,959258512949818368
0136-231,5039368867375186560
2117-614,6451878367151809280
0919-260,5638071533023389440
1245-235,3501692849383042304
1229-099,3578610804507702656
0130-171,2450908553293447040
0820+560,1033963142574790400
1028+605,1048009609777940608
1753+204,4551989688164934272
0516-621,4760519073459445376
0755+117,3150943451804608128
2254-204,2399370182691840768
1958-179,6867840791514236288
1034-293,5455443205702381056
0122-345,5013632044652560384
1641+399,1355746700891999360
1408+008,3660209891731723392
1204+399,4034026523571846144
1158+007,3891151962569283840
0409+229,52907090779778048
0159+839,572851777185141504
1236+077,3710288828150350336
2348+021,2739682573522492928
0421+023,3280076179042032896
1720+282,4598476245213786496
0723-008,3062271725972256640
2351-006,2642049651827123968
1038+529,849141633152787840
2346+052,2744495750095600256
0752-116,3036395235209084928
1226+373,1519773082473787648
0745+241,867556219535644032
0205-391,4964391206676167040
1534-152,6264764509134076416
0038-020,2530369193481132032
1255+327,1467353006626702080
2318+049,2660953688385954176
2251+244,2843278073758769280
0123+257,295350607295092480
1707+779,1705914349447156480
0416-216,5091349276011791104
0705+350,891628098184817536
1501+043,1156377510171956992
1101-536,5347298330073755392
1657-261,4112096041051619840
1716+686,1638219033432539520
0847-120,5736813625727369728
0217+324,324961211345126656
0718-154,3031175303762706560
0749+540,984713199268130560
1247+022,3702633414018289920
0125+487,400364245606845056
0614-219,2937707533968098560
1825+266,4585313407402860544
1004-125,3765463116201979904
2122-238,6827611933090362624
2321-164,2407457988362629248
1510-319,6210509515876968576
1040+244,723314686405147776
0733+261,869012041649994240
2355-106,2422872351110808192
2032+107,1754494969348198912
0806+573,1033574194632609152
1215+333,4016517694252851072
0628-133,2951859592946099968
0726-132,3033500324177902208
1500+045,1156583599882767616
0043+246,2808006187415985024
0130-083,2477246877595771520
0320+045,3275614360856380544
0133-204,5139767812432243712
0828+493,1026948258389980800
1705+717,1651786564538256896
0047-051,2525533408199344512
1741-038,4176506462983010176
1315+346,1473023664831604608
1924+507,2136137237759422336
0246+061,6631188986915584
2214+350,1906302920589984768
0907+258,688614992786224256
2149+069,2700702923516515712
1603+573,1621856170106946944
0742+333,882027231369637632
1450-251,6229121224079009920
2053-044,6914052818552385024
1421+048,3669465679397926784
2200-238,6812798208633959296
0225-306,5067040860627248128
1656+571,1433579647257438336
1346-113,3613290878716556160
0309+411,239557234070534016
0723+679,1108100948190241408
0909+445,817328943534609152
0149+335,305795864679523968
0933+503,826261174136228352
0142-278,5025185781556457216
0946+006,3834183241477199616
1246+285,3962030055509187840
0122+278,296595258753046912
1847-259,4073881243104590336
0932+197,633685453446701952
0812-252,5694695316701236608
1130+008,3797575723385453184
1640+254,1301040602932586240
1431-115,6324445965924137728
0945+408,801336924865881728
0110+495,403495100669336960
1622-297,6037878356299151488
1240+381,1520476765619787648
0307-362,5047563905494891008
2010+723,2275785350608146816
0905+420,816476963757876224
0015+145,2768462977572770816
0925+449,818285037614096256
1438+501,1603851499699956096
2017+745,2288533122780209920
0805+046,3094853068703252736
0221+067,2520507570612128000
1717-229,4114615984247824000
0907+022,3843786101156426496
0751+393,919710144849497856
2346+385,2881555887452867200
1420+326,1477906497191476864
2350-280,2334094445093734016
0810+563,1033258531715527808
2238+410,1932580148982390656
2332-531,6498494322978336640
1935-692,6420654642107297664
1100+305,733542034329053568
2153-008,2680099037684331648
0711+356,897561062927548160
0122+470,399776002588855424
1303+557,1564742897595918976
0223+113,24740523453770368
1851-157,4100868794700193664
1819+159,4522056476235032320
1826+670,2257367190812777216
0859-068,5756544220153350272
2043+156,1762984741005293952
2354-117,2422466528241023744
1006-093,3768759688284840192
2320+079,2761014228675529088
2314-409,6548396624572789888
1218+339,4016750687638611584
2358-161,2415835442333250688
0850+284,692978267242160256
1104+728,1075626249491708672
0805-077,3063651333889352576
2138-377,6586254837143611776
1353-171,6294446169117253760
0747+194,671780954369049216
1400+162,1231616201802111744
0644-390,5576324162596760704
1542+042,4424680634098888576
0729+146,3165273180688912512
0801+103,3147511257537134080
2344+429,1922470311363163392
1322+579,1565968822996902144
0524-485,4797192871487056384
1236-381,6153483345303311872
0425+174,3314165093952083328
1101+077,3866355986793634560
1402-012,3659291726507783808
0016+731,537742721644001920
0900-171,5729430400850327552
1023+747,1126515878168265984
0104-275,5034088011810949120
0707+424,949627267829667200
1415+385,1484801049272366464
2214+241,1879280773069343488
0047+023,2550041659820342144
0308-611,4723258896432809472
1424-328,6216445680372646784
0335-364,4860231034203041920
0607-157,2992979158862085376
1502+291,1269662048607160192
1623+569,1431307162881162240
2048+196,1813670685155346432
0855-716,5221999874758301696
1442-245,6229776777822831232
1118-056,3785652447495205888
1044+719,1077064518075429120
0859+681,1117118691587459200
1053+815,1133969841154436224
1619+491,1423199982613739264
1621-321,6025165665422005120
1256+802,1718504719657313536
1550-242,6236613403690949120
1557-053,4398404230341309824
0153+389,343334153725362176
1354-107,3613752600585241216
2131-021,2686427654815559808
0007+757,539763349137161856
2127-096,6894137192639079680
1345+289,1452221385870468864
1435-218,6278951984402695424
1015+594,1048222433997255936
0533+446,197338835126132480
0035+238,2806404443786988416
0823+033,3091832813346831616
0608-187,2942624859204370432
1150+812,1130399211502927744
2047+039,1734351568432483200
2123-463,6575525901462991232
1706+338,1334717849520031232
1733-565,5919516002591957888
1559+140,1191872288137163008
0124-086,2477366960586036736
1722+526,1415954544584533760
0821+394,914304769593032448
1824-582,6635947329584544896
0011+189,2797600581168992256
1333-186,6293132110987387520
2332-017,2641090534089403520
1459+480,1587500731002912000
1523-042,4401545745515559936
1307+121,3736659789909090304
2322+396,1923168368105252992
0959+105,3878690819334776192
2203-188,6825309517086779392
1536+057,4428135441368487040
1204+281,4006985649995293440
2311-373,6550256203678465920
1657+022,4385031626327045120
2121-199,6831141429839512448
0830+160,657910099788012416
1742+724,1651475334029303040
1308+328,1466783219085358592
2013+527,2184589588457655680
1248-170,3522497297303788160
2242+257,1877639305288747520
0727+409,900620282233081856
0249+171,35305661965864576
1744+260,4582191588951485696
0804+140,653676705144499712
2044-027,4225116834116592384
0844+387,910472868490781696
0432-606,4677913520779595008
2223-052,2626374700527307136
1128+385,766865586071262336
1346-109,3613876506097188224
1014+615,1051642331772694656
0359-151,5110004689800345600
2226-081,2621591721867702784
1606+106,4456428963632246528
1716-142,4138030256157645312
0003+380,2880735415555982976
0302-623,4721627251240649600
1030+415,780534336666819200
1315-058,3634542200802743808
2314+038,2659277212327218944
1627+476,1410159809068172416
2215+150,2735497999769122944
0902-256,5649394578643147136
1147+067,3897770163575527424
0404+075,3298357282138391808
0055-059,2524536799691927936
0643+548,994020294616746496
1705+018,4387723814907950464
0234-301,5067305323237642112
0518+165,3394144669269567232
1738+197,4552407979322076544
2034-248,6806439595451164032
1148-171,3568264292716951040
0206-689,4694525217329726464
0654+033,3127866386366478208
0157+808,568950057094408704
0149+218,98517757972814592
0446-212,2973992482834664704
1059-438,5387388796059187584
2239+096,2717373379513991936
0618-252,2900269163040999424
1514+197,1212454291110896384
1522+155,1207124816516833792
0214-330,4970651069970499072
1647+065,4440966428532133760
0718+042,3139289728062166784
0355-669,4669236900862626816
1641-179,4131738751842166656
0929+533,1019756906884000768
2144+092,2726164760957141248
0010+463,392186417419223808
1600-099,4346599056371273472
0728+281,873199321231135360
2300+345,1914484111734146304
0952-185,5671807985737091456
0608-230,2913707703392091520
2243+047,2705415808309337344
1846+322,2090523791720684672
1537-082,4395887791821842048
1404+347,1481944178762850688
0150-299,5023773768107995904
0917+624,1040014407897208448
0454+066,3288291317608309376
1615+364,1330340968607809152
2354-021,2449112333546935040
2145+082,2701845011154957312
0819+408,914642525821004288
0026+048,2555105250168381440
1535+231,1220631698388572288
1529-271,6213475246633769600
0050-287,5032602640321090688
1256-220,3505228672619835392
2202+716,2224702040381560960
1016+635,1052151882396770944
2244-002,2653416952789660032
0109+351,321010837865461888
2351+550,1994675961517145728
1208+186,3950084067831165952
0707+476,977944193370433536
1330+476,1551968913240347008
1441+522,1605626386344892672
1008-017,3829026570598041856
2111+801,2297303102401687808
0810+812,1145374873407334656
1534+501,1402714053763357824
0234+469,341987423780118400
0927+469,825290129274062464
0919-052,5746485750342923136
2319+184,2824922139449253248
1257+145,3930272277048077952
2044-188,6858519475530208128
0221-171,5143873354490937728
0858-125,5735810390086377728
0159-200,5137633591643720320
2316+862,2301298933814789120
1759-396,4035502931533710720
0210-180,5143527489364304640
1347-163,6295168651336116352
0529+075,3334228054423044736
0837+012,3078383861986700544
0955+476,823095504065171456
0032+276,2857589214026929280
0456+310,157415396124187264
1338+381,1472620556380822272
1725-795,5776291345907993600
2329+451,1937546849163983104
1838+575,2154192494292616960
0218-220,5123836335622213120
2120-309,6784575222617420672
0804-267,5694084817181017088
1406+564,1609880976652258304
2032-168,6862620550821870976
0226-559,4739899313429070592
0319-315,5055058378611928576
1320-446,6087945374180475648
2005-044,4220932367740941568
0746+483,933612919626347136
0152+043,2518951280622612864
0141+268,298674156068220672
1117-270,3531713124593921280
2253-278,6609892271260458368
0942+358,796381911292572928
0956-409,5418813040245557376
0920+313,700522192615135744
1841-205,4080128603748317568
1554-272,6043074412034816512
0949+354,796170770701835008
1805+616,2159222622550477952
2256+017,2655552578032825344
0348-120,5114825326734152320
2112-144,6884665724599815040
2136+141,1770616107616340992
0657+172,3361160694829279232
2256-084,2610408279863799424
0201+438,352494837930434688
1036-529,5354512191509779072
2325+093,2761649059201651200
0743+744,1135401886329951360
1604+274,1316365424201337728
1306-039,3683989918763350784
2032+117,1755451991141641600
1739-152,4149013896298694400
0723+219,866032120325383808
0002+541,420305499589122944
1726+769,1657138334307449728
0212-214,5124644270510424704
0601+245,3426438975045340544
2345+061,2744834640194862464
0225+419,338741115698771200
0744-158,5718998612488678272
0537-052,3023327569572290688
0218+095,24069649561839104
2112+283,1851173716811337344
0015+529,419233750629146752
1257-326,6180388600992091648
2046+762,2278187989673766528
2217+210,1778836468863451776
0159+723,546443054077075328
1556-245,6236132122535984512
1116+227,3991247068756126336
1229-123,3528521349713570304
0936+419,813692755502717824
0610-316,2896026972301834624
1325-133,3609926987315330944
2245-328,6603644330794224768
1329-049,3633579337854695680
0814-029,3069481876547082752
1421+511,1604704480205457280
1651+747,1654984249294111616
1607+183,1199869074861595008
1351+021,3664163353292492544
0915-213,5676113226594501632
0458-020,3225415440232384640
0149+370,342697227255507968
0653+322,889380936935447552
0742+792,1138768212977507968
0830+115,602400361907210240
0529+483,212440661692923008
2105-250,6803981671566861440
0729+259,871620388173434624
0024-114,2424025665793268736
0637-216,2926650673238838272
0740+173,668067903602266624
1700+685,1636991737937414400
0519-176,2982000539553913856
2246-309,6607391535141890944
1456+375,1295131342111767808
0325-182,5105398762575107840
0216+011,2513216090533248512
0227+403,338354980959016832
0954-135,5687540107343990272
2351-154,2419029072639563520
0804+499,934736753653284224
1415-349,6119763591421799424
0459+060,3240126901515662336
1755+578,1421906136601395328
1907-224,4081116441927323264
0035+503,415520150105930496
1754+292,4596528876979755648
2201+171,1776005260780005248
1842+681,2258763540516880640
0812+367,907583523731886464
2234+282,1887377718432848768
1613-350,6022702381416066048
1232+366,1519445428008650752
1123+264,3994558660340357504
0329+654,491509735163016320
0240-060,5184771166954339584
2058-297,6800475019749067520
1200+045,3894583469640003456
0406-127,3189020334043183360
2327-376,6550663400937562880
0250+178,83501689016974208
2203-215,6820224825563631616
2312-505,6502743115082129280
2306-312,6605118535369354624
0907-023,5763099783355710720
0801+044,3094504454797471488
0215+015,2513289620373132160
0113-283,5033379685804044800
2231+098,2717308985069453184
1401+000,3659719264732172416
0819-032,3066773087917589888
0048-427,4986663326525262976
1626-005,4359421251736060416
0322-294,5059841769588621312
0258+058,6993551083342976
1547+507,1404060783708865408
1946-200,6868696520798967296
0158+031,2517824590441458432
0930-200,5677282076174301056
1258+087,3733687264519573120
1202-262,3486877136357811968
0739+398,923303516352398848
1027-186,3747076597430359680
2005+403,2074117703848457728
0256+423,432427443485163520
2329-415,6535725092365208960
0111+131,2589953893253304832
0805+410,921581887301372032
1022+194,624432307184916352
1858-255,4074100045921459456
1437+624,1618831379259328640
0428-042,3204373605174936960
2221-116,2602458501557393920
0137+434,348720321889139328
1520-334,6206424589662537088
1128+308,4022773537457869824
0908+340,713936887309214720
0704+384,946310522285481856
0646-176,2945629755764920064
0930+493,825773845670969472
1629+680,1648681092729300992
0522-611,4761008837171098624
2346-049,2447146539899103232
1009-041,3780140153323497472
2337-234,2387158972193976704
1909-194,4083983006179378816
0124-155,2452059192211766400
1131+730,1075824367742607488
1318+225,1442683126794754816
0557-454,4801548174483329024
0918-534,5310817805589840512
0948-285,5464553381091764608
1337+637,1665394665903493888
0319+121,17475775250904960
2227-136,2600963303183085312
1829-207,4091864619145768832
1801+459,2116095786483222528
0440-003,3229995726499080192
0004+240,2849865179200769024
1605-205,6243914637633846656
1645-262,6034561404598520576
0307-085,5167648678533571456
0203-349,4969317705963319552
0352-164,5109429022446639616
1417+375,1484504906983846400
1130+005,3797530815206792576
1406+787,1714953571978132352
1837+409,2110581632590878592
1339-206,6291757549654611456
0521-262,2956921362222068480
0824+509,1028107418522952192
0003+340,2876677015058834560
1152-295,3479836757246424320
1826-447,6709678865650169472
0108-079,2475387019317585664
2107-105,6895507321565578752
0255-124,5160169216325827712
1057-797,5199010289211239424
1743+182,4551274554632541696
2247+132,2720006705567919616
1406-076,3640114250854932352
1505-496,5902322694449166976
0204+316,325460149106274560
1704+122,4541146368911925248
2321-375,6550821627532475648
1357-187,6290863440542939392
0938-133,5690601869270058624
0136+176,94868719398510464
0159-062,2490827907783065216
0700-465,5557630094102893952
0704-231,2927685180546882944
1300+693,1685765489629874688
1908-201,4083730324670186240
0614+761,1116424315634883584
1825+344,2095321785588596224
1732+389,1343451442178665600
1917+552,2140295934333107712
1354-174,6294416890324562560
0730+504,982953052950723840
2314-116,2413414657030488960
1746+340,4607507908602761344
1345+125,3728287558621796736
1548+056,4426441570690915712
2233-173,2594771437810721408
0918-363,5431288820729101056
1422+364,1481198327625201024
1337-013,3661526793129221760
2327+335,1911929911863037824
1304-318,6180709078568293888
0958+294,743736465624044160
1214+588,1575122734038578688
2301+060,2663754281940896512
0642+449,964515655998407808
1328-034,3636874647217833856
2226+440,1982816216783585792
0810+258,682593173759093504
0238+711,545523862352530816
0015-280,2322797929486387968
0341-256,5082246346228960896
1151-348,3464286574749721088
1104+525,842297035831981440
0605-085,3005902337496914944
0609-284,2897928508942699904
2004-447,6673666213413709952
0913+391,812202917246316416
0611+131,3344095243569988480
1954+188,1822930286753506048
2033-219,6856185972556222336
0249+383,143313506661249920
1909-081,4204696875973729024
2159+505,1980008923077639552
1217+713,1684033071621852544
1427+109,1177312314644071296
0647-410,5563571030306073088
0738+548,985748698703898752
1010+350,753244599799631616
2340+233,2851930890968637312
1548-177,6260577255316833536
0140+120,2575338673596339840
1432+200,1239326797675072768
2037+216,1818120163897174272
2308+341,1911596794199024256
1525+314,1276955555911179648
0802-010,3082939722776029824
0740+235,867194510273627264
0557-182,2990530099789113856
0610+510,971081969504228864
2355-534,6521373648123690752
1719+357,1336677247960139648
2053-323,6781763255988970496
1035-281,5455953134282386304
1701-132,4140730416199902464
0945-321,5439061783822813056
0008-300,2321060902977456256
1512+030,4421920207078589056
2242+031,2704589559680915456
1032-199,3554545995373627008
0457+024,3232135479206637312
1150-050,3599036290282590080
1319+220,1442576366792185472
2103+023,1730188302014304256
2338+191,2822968788323632896
2204-007,2677336347215714944
2337-123,2432868041382530432
0056+579,425682253191002624
2355-291,2333182709435787776
1034-374,5441400238894822784
1010-374,5421190875877534848
0511+009,3233903051524206208
1327-311,6169602907320673152
1243-412,6151928360982493312
1344+188,1248076642488968832
2250+323,1889805367089605632
1330+022,3711818012602055808
0824+110,600903548624034304
1222+037,3701616640640349952
1519-273,6213270870612138880
1156-221,3493087143671723904
0103+057,2576402378081292416
1136-156,3548487548865671552
2159+833,2300371873713654656
0955+509,827257812706259584
0621-010,3118420653769355520
2316+238,2840741706591313024
1547-054,4398917672210114432
1319-093,3624045713048311936
1402+077,3722237461528126208
0110-361,5013767834338307968
2113+293,1851646270592085248
1302-034,3684254218165847168
0807+417,921762722604603008
2137+130,1767475666184414080
1747+433,1346384629963971328
1236+049,3707164943817177984
0904-201,5680201726222638208
2147-284,6810032662011901440
0325-222,5098966069797598720
1133-041,3786096478393903616
0258+818,569199268276074240
0606-272,2910087492640079744
2253+417,1931311553081290240
0140+412,347645682414698624
0010-401,4996449220530794624
0148+546,408590924749267712
1049+215,3988440599685813760
0558-396,2882755626437226240
0019+058,2747621627293362304
1622+665,1642346741818349056
1616+063,4438169962442993408
0850-016,5763982485033746304
1430-178,6285157593670234752
1407+022,3667172102438084224
0102-245,2344947758730996352
1454-354,6202219473082283136
2207+374,1955022078958003456
1928-698,6420609626550925056
1957-135,6878998364932569600
1131-088,3590393583427962624
2037-253,6806351462721946624
1354-152,6301680951333143808
0843-547,5317029672624274688
0759+641,1091417229331516032
1942+097,4301899235790471552
0552+393,3458103569895587456
1320-385,6162373687087884416
2029-215,6856082034347724800
0932+367,798889858658853760
1228-008,3695590938964129152
0039+568,424598680178356096
2232-211,6628163852411169792
1206-238,3489814997067074944
2021-330,6699851288987288320
0212+735,546986865652944128
1639+230,1299401707834397056
1753+648,1440764302910539648
0508-317,4827647767325536384
0127+145,2591842063955857920
1249-673,5857317896817534592
0820+296,708335214866228096
1412-097,6305017900403734272
0257-057,5181283619150387584
1218+444,1538597163922291968
1531-225,6239651040780403968
1502+036,1154044518296765952
0805-119,5727775949389967872
0807+083,3098266781726608000
2131-340,6590889995912441088
0618+588,1004637655633759744
0156+128,76919020276204032
1036-431,5367915856723360000
0008-264,2335249516418438272
2356+385,2881745587567781760
0236+420,337057866476918656
0501+279,155437237266192128
1418-065,3639923107629780608
2345-047,2447168186534531072
0928+144,618286827459110656
1531-352,6013252972327526272
1252+458,1530558531332274432
0234+052,18121326015612672
1402+044,3670918787093720832
1224-132,3576034781907711232
0729-222,5618731948124447232
1348+308,1456992617795151488
0928+008,3840913665684049536
1357+404,1497807206677258624
1330-236,6191837540695184512
1423+146,1228542310888332800
0058+498,402778184730407040
0814+240,677695815826867840
0022+390,379285954865796864
1043-291,5454918425120317184
0906+430,817131306319108096
0118-283,5030236491298079616
0012-184,2366275604250863872
0420+417,228323931790519936
0137-273,5035796274922692992
0008-311,2319802065242691200
0003-302,2320714900411790720
0515-053,3208721928848872576
2027-252,6848388678470647040
1400-184,6291065544523550080
0844+463,1013435844600028672
1013+208,625771890304467840
1224+439,1535514751793121792
0922+364,798679233462728576
0841-607,5301274804858730880
0537-286,2907296038774242560
0951+175,620070888154710784
1326+626,1663789898618603136
1017+436,805908591134677248
2131+145,1771611646674948864
1125+213,3978634536514228864
0248-266,5075621376355357312
2217+214,1778898866147453312
2020-015,4229188944150255360
2137-196,6830509794768664576
0310+013,3267256805470541696
1758-651,6629612562065384576
1721-146,4137858564838658816
1827-272,4051797311541756544
0947+064,3853413326185272064
1313+200,3939784117780522624
0113-310,5028689340998962048
1451+094,1173876409525877248
0407-199,5092747919225519360
2305+187,2831177505914079104
0920+284,695313324998188416
2253+227,2836858162803142272
1633-810,5774988081031940224
1634+213,1297640496365590144
0521-403,4807390944913918592
0635-355,5580867108422798208
0850+625,1042990996328169216
1106+023,3811296120966715392
1207+260,4003458966448376448
2318+182,2824897164216363008
0035-252,2347066277119976576
0950-246,5660064926674330752
0538+474,210686493969123712
2303+083,2713683620354074112
1532+016,4417903278785511296
0723+067,3142437389333270272
1238-110,3530181126939799424
0534-611,4759276350441842560
0048+447,377515874288794368
2324-023,2643628859761297280
0446+113,3295560704374964736
0734-044,3057250011550301440
1053+704,1072938733835527552
0306+102,15495005053467776
1221+809,1719535889765779456
0319-056,5170071796002909056
0336+473,248184582122148352
1550-269,6233800195813694976
1537+162,1196858195411378560
1117+543,842867368832619264
0403+064,3297142523650373632
1333+034,3712066669733115264
1030-357,5444022436688263168
0438-436,4814707541961807232
0736-397,5537018408614225664
0845-051,5760612207017138688
0708-204,2929278888291725440
0922+316,700509750093550208
0024+092,2750894426732876672
0434-188,2978490687982690688
0611+483,969228746951633280
1253-590,6057071607407788544
2049+175,1812841756466429568
0754-155,5719199273359149184
2016-053,4218851679425008896
1044+007,3806557462073974016
0834-201,5703741342461530368
0555-132,2997480868702370688
1124+067,3814437460046974464
1520+437,1394212251900644992
0625+286,3434366213361858560
1029-137,3753794274174161280
2239-631,6394403110500021632
1048+207,3988254404263350656
0021+464,392378007321992320
1327+321,1468627164508851584
0259-316,5052695528123702784
0213-015,2494648603314766464
2121+053,1738458828477229568
1922+478,2129208291578935936
0816+054,3093347596766642560
0000-199,2365814049884978048
1437+331,1286709465299395840
0222+185,86068567631718272
0322+222,61763897460044928
1850+402,2103549671617557248
1305-247,6187922179787784064
0943+105,612552084046799616
0312+100,14586911528117248
0748+019,3087737785362818816
1621+058,4437158029490938496
2007+073,4250708104692950912
1325+437,1549473086267633152
0629-418,5570021658867420032
0537+531,263895331971320064
0209-162,5145102956383205504
0010+405,383084664461521536
1438+021,3655524387353840128
1102-392,5390711898158344704
0600-000,3122436211967485568
1324+224,1442529122151581184
2027-052,4218500939509776000
0301+336,136220832028045056
1936+714,2263534252750405888
2116-238,6827758851035608320
2231+425,1981647813876466944
1135+480,787132334146184704
1025+242,722779052444073216
1049-726,5229310012176926080
1822+682,2259695578483725184
0423+051,3284154130230317824
0224+671,517274659857429248
0622+147,3356698670481650560
0035-024,2530341499531651712
1005-333,5458819801613604224
1522+791,1708493391408844032
2300-151,2409971639447348224
1434+235,1242762874591209088
0857-329,5627796734299955328
1820+397,2109497617205525632
0748-069,3043511205744246912
0256+192,84066803637406848
0828-064,5754980611539829504
1256+009,3690185117030109824
0731+050,3138231413758249344
2335-027,2639666765315416448
1905-297,6762166144851694336
1908-211,4081375484300867840
1109+350,758710134661974528
1721+024,4387266452429375744
1451-400,6197328433047757184
0054-006,2536016731877648896
0150-144,2458973849039975552
0405-331,4882457047579768576
0119+247,293790950050765184
1010+495,823010085755214592
0027+056,2555589069644187136
0643+057,3132371566540410112
0032-011,2542716434182608640
0509+293,156080623368510208
1426+212,1240445722555473408
0804-153,5724324681169490432
1604+159,1198384631085820032
0728-345,5591332805557276288
1754+159,4501752585276252928
1338-164,3605139507529163264
0626-280,2898682361602795520
0631-223,2925072770974935808
0549-575,4765694234173310080
2344-514,6522154649275095168
2210+277,1892580362640279552
1506+163,1184393929736177280
1302-312,6180950176556953856
0122-260,5037096206904381312
1142+052,3896991674982817792
1143-287,3481014849596074240
0902+210,685114903677197312
1217+662,1681117819620438272
1520+319,1277213391387144960
2148-279,6810120829100901376
1738+032,4377080958964755072
0518+705,497803515814546304
0909+222,638764651706565888
1145-676,5235857058489636352
1905-252,6764329468343269120
0423+297,165164449133035776
0037+011,2550173051459958016
0009+081,2751934122352429952
1403-085,3615986052298236160
1226-028,3693568589186544512
0818-128,5726903379532514816
1444+175,1234812207226355072
2226-634,6405113865583382528
1000+125,3881410259482745216
0122+705,534034829135822976
0103-021,2532785748240161536
2205+166,1774976770731767680
2147+077,2700993744341679488
1325-558,6063702654623436928
1928+770,2289924348586531840
0350-253,5083488077110770304
1549-790,5778578162594526976
1143+446,772897030116316032
2135-248,6814836600111963648
1732+081,4487572115093448832
1235+196,3948304542621507200
0602+673,1104994896559826688
1231+811,1719376563658966016
1406+767,1713924669611974400
0936-853,5190082117355000704
2328+107,2762604878403989888
0120+259,296131363629788416
1745+624,1439500139416538368
0830+687,1094267713226166784
0748+333,882167384743362688
0105+129,2584736607500443648
2207+356,1906553785338276864
1211-167,3521052259851466112
0202+240,104450340464139904
0859+470,1010748535102032384
2051+745,2277837142385435392
1751+288,4596492210841133568
1519+181,1208783086209507328
1041+536,849389568728999040
1742-078,4168688969666347264
1929-457,6660785434695373952
0646-306,5608200001121017984
0000-197,2365855384650325376
0815+326,901576204514438656
1055-242,3536874988088871936
2247-283,6609531081690425984
1910-365,6743048317707026432
1422+473,1506726479361363712
1936-155,4181990758262226944
2030-689,6424415624707464064
0821-094,5752417615574773376
0903+684,1117149615351742080
0341+729,543727642607958144
0022-227,2360737471556004864
0336-017,3251020587845475328
0237+185,84535058148522752
1136+408,767545908886972928
0454-810,4622028063454680192
0321+467,243067150067364096
0430-332,4871507934695223680
0639+352,938962417357290368
1324-047,3635136349398464896
1637-001,4383306561301574656
2251+006,2655036219884468992
0313-171,5106299125159708288
1346-168,6295126693799954816
1308+326,1466773353544464384
2210-257,6625949264193538944
0406+121,3304362466754063872
1149-084,3588959133071587968
1610-277,6042202774190833664
1541+189,1197894759998678784
1817+502,2123898745627374208
1434-295,6221729035605592192
1644-291,6031371072829824640
0907-179,5681072264556221696
0858+542,1023748645193660800
0422-389,4865152585688422784
1043+541,849792539740461440
1903-802,6360885632399759872
1604-333,6035304262139696896
2357-318,2314424869267964672
0810+247,680796709198595840
1813+163,4522837855337631360
0434+299,158976152877529600
1245+710,1689070862101145728
2320-078,2630811848420654592
0017+200,2799276958444229632
1153-119,3574944409970054912
2313-439,6529964269911185792
1851+236,4533288124948477824
1504+127,1180977055618469888
0559-276,2910192702160301440
0346-279,5080719708693519232
1442+031,3655700103056547072
1325+504,1553636524485777536
0628-671,5283367260836215680
0459+135,3391703856534153984
1645+410,1356181519085556608
0854+213,684965580550330880
2359-221,2340552087337605248
0214-085,2486213802941750400
1251-713,5842203906902213760
1456-367,6199082051012058112
0816+279,683354551201319296
2320+506,1991471950271651840
1146-037,3600173047866316928
1655+534,1414020984666897536
1624-617,5830277504289129088
0937+262,646643644656957056
1219-164,3521258177763111552
2004-125,6880669279008766720
1228-310,3470387416878243328
1606-398,5996795997677884544
2244-372,6596088319384646656
1021-323,5448658321309140352
1826+796,2294347718225564928
0159+418,346232294576838400
1321-323,6169233265254397056
1230-101,3578557267739917184
0922-202,5676479260887360640
1151+408,768447783299978752
1941+413,2077027973685942656
0034-220,2350150686409110656
1749+293,4596580343569812608
2320+689,2214860930279371392
2209+236,1879210713563580544
1305+502,1556376198224392832
0855+143,605722330131934080
0306-061,5181729058798470528
0806+315,877826547196390912
0436-129,3174889234507053696
1320-338,6167321317612896640
1915+657,2254897623275179904
0242+131,31904219666051072
1656-075,4339842591777607424
0500+339,184783236976032512
2041+342,1870122562776576768
1629+495,1411634013642927360
0952+581,1046454591098786432
0508+138,3391825077691113856
1817+157,4522001122700555264
1008+013,3835009283947328000
1038+212,3987811026200104576
0851+071,584471965822197120
1738+499,1367189073589443968
0936-069,3820508065606727552
0007+205,2798756648926423808
0641+392,945224449612414976
2315-404,6548433797514877056
2040-225,6855155352203126912
0033+143,2779665106978840576
2325-150,2408041584223442816
1435+514,1604181421907804544
0001-120,2421598528234887680
0920+416,812877192752385664
0847-354,5625931795080010368
1850+143,4507199119211707520
1407+691,1673632825494594176
1417+273,1259456828355236608
0548+084,3335166315801316224
0548+378,3457728670791127552
1455+348,1290121211221430272
1121+518,838629095105025920
0256-393,5045307741994522240
1101+609,861519518445901568
1256-243,3497948290736749056
1001+329,746693258549535744
0316+308,124151080572547456
0858-313,5629165493139444224
1932-161,4180439897112231040
0437-303,4878700424368036864
1107+443,779024123086350464
0203-120,5151385973846176512
2319+317,1910144751656682240
2021+222,1829297455511190656
2136+824,2298711989113102720
1517-385,6006871784795806592
0027-024,2540845791242882176
1140+668,1057045636853046912
0159-668,4698136735069516544
0941+522,1020114488680963200
1952+138,1807352822642701568
0644-671,5280378758167315584
1638+398,1355708557286900992
0445+097,3292940155850196736
0741-444,5531983989686793984
1924+420,2101747129683929856
0616+076,3325060601351888000
1425-156,6298456770923030784
0629+320,3436183706082051200
1103+284,731994059396426368
1614+051,4437427139259658240
0627+532,992881952188520448
0119+296,309383983438034304
0612-255,2911837949509939840
1026-084,3774121529752326144
2341+295,2867885109628279552
0725+219,865998379061168256
1929+476,2128492234631695360
0604-004,3122188886274420224
1939+429,2078059624830075520
0010-155,2416647461734903552
1511-360,6199864357831781376
2309+454,1941141358834390400
1734+363,1342149311174192384
1739+438,1349235663615379200
1456+044,1155131557339027456
0316-164,5106430654238066816
1112-365,5397431666550318336
2240-064,2623560706674944512
0620-011,3118414709531948160
1950+573,2235112525713927552
0258-184,5152349764507592064
2309+159,2817422404996601088
0421+683,496550583659356800
2355+042,2743431319760454784
1427+634,1667032628991960832
1710-323,5980240685462521984
0714+457,974367035369415040
0707-028,3107957185721674624
0230-790,4632618108480315264
0007-048,2444538257799881344
0727-115,3034878351539730688
1830-589,6636429018756150400
0119+115,2586501770339617024
0224-189,5131349813971391872
1638+540,1426677050697210624
0117-171,2451457759351768192
1704+099,4443765647697743104
1835-345,6733997962623251840
2126-185,6831754888608011008
0351+045,3273173376323312128
2000+472,2085815717294357120
0627-050,3104269664240697344
1830+139,4508624429872712576
1503-091,6320111824230530944
1454+447,1586555803836451712
0821+248,679115040523179136
2354-251,2338099278758574336
0420-014,3254030122969225472
1849+499,2143922295478616576
0524+034,3236055581757581952
1922-341,6744524686944656896
1403+411,1497912622354859008
1358-090,3615525670459621760
2351-309,2326758537872853760
1705+188,4560536256467983232
0140-322,5021565368941274368
1716+070,4394142763791278976
0752-385,5538101221406686208
2341+697,2215253254070660736
2154+100,2726423627226031616
1343+073,3721429045603539200
0742-562,5487796056173539584
2305+198,2831583088265511424
1005+073,3874032772683145984
1320-303,6181839062988254976
1210-246,3488907144059923968
0559-200,2918241230352784512
2022+031,4244771463456596992
2123-015,2686015509752741376
1124-382,5397567383220328448
0229+262,127279740909604352
0530-727,4650517814204154368
1852-534,6650616395246770304
1204-267,3486590644859772160
2245-059,2623921552646790912
0104-408,4987866638923004416
1055-301,5452846949510331520
1436+445,1493417406503271296
1445-161,6309625747476717440
1155+251,4004473025407150208
1150-108,3575283643667263744
1308+554,1564536910964901760
1933+655,2242709635663150848
0256+054,6884282820204288
0235-618,4724677330856364032
1004-018,3829768702291923456
0422-380,4865493399933323136
0506+101,3290923239207264384
0048-071,2523017450716550400
1922-224,6772405484327414400
1537+279,1224304312039792256
1722+611,1437492156306408832
0442+389,199725840510603776
0446-265,4881263489052026496
2002-233,6851915946132537856
0738+272,869189436683104128
0737+289,878642247385331200
2333-415,6537047598694713728
1511-476,5902939554827763328
0205-242,5121668167411993344
0448-187,2979422008691508736
0914+029,3845391250694297984
1609+190,1201433744331351936
2118-037,2684489868650653440
0607+624,1006254732297703168
0008-307,2319899406382098304
2227-445,6520554237083316992
1827+062,4285023660750853632
1505-304,6210982030999145728
1241+749,1691584586200503552
2015+083,4251084481269271680
1226+492,1544114307112041600
1522+113,1168951112830327808
2340-226,2387596204160094464
2005-283,6846622244322978816
0802-276,5597899776198795264
1306+360,1474179766947957760
1417+172,1232724097206160640
0826+404,914432042359525248
0238-052,5185064461681159040
1544-095,4347412798054675200
2120+099,1745199281432700032
1156-214,3494251526484981888
1641+074,4442065905799814912
0956-359,5434443353948239104
2257+103,2715415179369782912
2223-114,2602445376137740544
1024+483,834486856845686272
0858+050,580211908020580096
0747+185,668612539814646272
0534-201,2965564520048704512
0938+277,647644891727622528
0822+137,651214868545245312
0420+022,3280071025081545088
0933-333,5437999659888804992
0438+824,557878696557445632
0605-247,2912917601208679168
0813+758,1137180999225095168
2021+317,1862093894503308288
0601+578,999123506037422464
1045-188,3554336916365276672
2039-231,6855069139323121280
2216+178,1776899919647945472
1821+114,4483817763921014016
0454+844,570667666055388800
2238+512,1989870649026128512
1654+185,4559541885639223168
0810-180,5719912100488634496
1628+071,4438842756181796608
0222+296,131916420099400192
0743+259,868066354275041664
1124+571,844348724528489216
1645+635,1631769504382576384
1121+238,3992838921074537344
1614+466,1386765328365041152
2107-016,2688779819424203392
2209+080,2722052209511808256
1959+241,1834243814730541568
1159+148,3921876479273491456
1418-782,5785750066486756352
0734-072,3054218181258526208
1357+559,1657542233031996672
1756+061,4474676286809752064
2205-636,6405576661195687680
0418-151,3175522175248227200
1906-217,4081235601511893504
2057+235,1839608194516000384
0633-211,2938745301143492096
1630+163,4465599272861428736
0943-016,3827549956546804864
1951+355,2059642873786883968
0758+120,3151004646496492928
2259+371,1916115718273966336
0833+218,664807581044144768
1934-638,6440702651792523136
1602-115,4342858861411287552
2202-065,2620828179761366016
1548-199,6247677716180983424
0915-135,5731876848582133760
2021+003,4230645212940234880
2330-017,2640727725316364288
0044+566,424612668885273088
1648+084,4442576457151383680
2029+024,4232688586581135232
1251+413,1527987666988465408
1713-048,4363221030780686720
2258+033,2661992039679513088
1344-375,6115244804790613248
0406-056,3197456921122370688
2327-459,6528629016118040192
1510+835,1722539652453668736
1450+641,1620631932629036672
1725+123,4493872625959139712
1323-527,6068970277387564800
0017-307,2320061141965595136
0500-357,4824671114470901760
0723-265,5613088292380797440
1452+166,1187931226146082688
1120+510,838345146226950144
1656+602,1437908561975568256
1530-041,4401737571639007744
1133-032,3792374655428617344
1636+473,1407233699389245440
0744-691,5270714905657083648
0628+203,3372922170711948160
1136-466,5372534698910667008
0258+011,239556096283136
0635-296,2894523458871795200
1451+106,1174296938363955840
0620+389,955708597924170368
2303-052,2635478038330192384
0822-152,5722174654899487104
0446+178,3406712980527835392
1855-252,4073980370951757184
0437-719,4653280062272926976
0720-305,5605387793975321856
0441+106,3293994518781345920
1146+189,3974880254060871040
1646-506,5937450235533323008
2036-034,4224645968263365504
2048+312,1859650710949268608
1714+219,4567570072869778432
2037-172,6862108453281348736
1223-188,3516679295948969088
1342+663,1672079524802018944
2147-186,6824639265964938112
0530-388,4808857590346304640
0609+607,1006013866234354560
2144+042,2696834291854162048
0358+040,3272514390901363712
0119+041,2563396667354026496
1603-193,6247242447015522432
2025-086,6905921689546283904
0930-338,5437879121627356416
1412+087,3674800166218577664
1611-710,5807141202642961792
1551-416,5995606364759044352
0044-846,4617438457106912000
0358+210,52945676765963904
0134+215,289005016453837696
0727-365,5586647339832946688
0121+560,412523431165896960
1121-147,3560613512852847872
0437+145,3309225194366811648
0618-061,3008160115907488128
0514-156,2983299853058529920
1102-242,3536271356205469056
0437-454,4790446822191610624
0055+060,2553249102741832576
0900+428,816796474965010560
0757+441,923128762722438016
1914-154,4184247265362273664
1657-562,5917467230167981696
0554+580,268807915565281536
1228-113,3576694248365858432
1333-152,3606266781826210048
0444+634,478840170055958528
1016-268,5471875952437948672
0514+074,3241315306082632064
0432-148,3174229325668533760
1948+505,2087379875660420608
0006+771,540370691872630144
0824+524,1028798873898279808
1155+486,786697550319586432
2047-266,6805003186589555200
0524-237,2958417866267201024
2014+657,2245026890778498432
0938+119,613779998017170048
2157-375,6586698176551443840
0006+397,383116752160541312
0926-306,5632907607944134144
0939+620,1063044400495757056
0846+513,1017002763401978880
0046+063,2556453972978481536
1335+658,1666235208183537024
0353+289,167083092627100800
0227-369,4965480174160661760
0849+287,705008436278288384
1125+596,859089047992235392
1926+050,4294206880638759680
2154-183,6824881291667347328
0838+133,603117484006383488
0341+158,43225890896821376
1443-162,6285614028434078976
0237-027,2495864628818822272
1923-101,4200221898005695104
0718+157,3167942588763025408
1524-136,6266140096958653440
1555+030,4424828999449765120
1130+009,3797582148656575232
0509+152,3393747818586222080
1117-124,3565241911345303424
1608+243,1302960968709850112
1343+451,1503247865089643264
0901-310,5629137558671659520
1831-693,6432048571869794944
0502-152,2986361748129085824
0414-189,5093098319836660224
0009-148,2417114960336955904
0912+029,3845351908793455616
1753+338,4604344648009660544
1119-069,3783818427740056960
1314-202,3506402195124936064
1613+782,1707644671511227520
1156-663,5236176702820191616
1312+126,3736568156782576128
0721-071,3054706257044075648
1417+385,1484629869055835520
0536+198,3399503757666241024
2302+232,2842202545228150784
1645-329,6027155648362252672
0447-010,3226661491848379392
0254-334,5052071795793160576
1023-049,3779151722434566400
2150+173,1773200891949498624
0602+109,3341864265759202432
1439+327,1286659815477459328
0214-105,5152019704860469888
0437+273,157643854023295360
0355+055,3273765222816745728
0842-375,5529219233343257600
0515+067,3241191847246251648
1326-697,5844046589626990592
2234-253,6623734263660039552
0803+452,929103955584332544
2151-118,6844057667808853120
2152+226,1794784747584868992
1147-192,3543009300899787904
1047+147,3885117018122434560
1143-332,3465472604198516864
2015+657,2245015930021999616
1918-634,6441652320602132992
2034-155,6863371792141471744
1634+600,1624211530172897536
0200+30A,301283846916451584
1206+549,1573149385544601856
1330+276,1448859938310268160
1054-234,3536998717507533440
1151+102,3912385804140191488
1147+438,769932570673873280
1946-582,6447417403664034048
0650+239,3380372805093692032
0614+463,968593882066064256
0352+605,473827217368630656
0429+415,204101179528741248
0746+503,934432055789393280
0941+206,639640683300611072
0013-005,2545226894107313280
0120+304,309578704370769536
1555+001,4409953122521714688
1720+102,4491687621475692928
0738-674,5274851753734967296
2320-021,2637888996747412736
2117-250,6803407863936085632
0739-266,5613754493349733760
0340-140,5113926883997888000
1451+352,1293195411372612480
1036-154,3749587645765658368
0650+453,953881072161075968
1708+433,1355242089478756480
2217-011,2677825144558770432
2137+011,2694282428444962688
0728+249,868454520535341056
1442-087,6326902992159494784
0627+814,1143052356956460416
1751+441,1349438317351097600
1957+386,2072457784890188672
1849-246,4074858708943616640
0446+112,3295554038585678464
1119-044,3786640324332563328
0532-398,4808000624112119680
2207+517,2004182613925752960
2258-022,2648955508266023168
2220-163,2595745089716460288
1351-018,3657896068294755584
0806-710,5269330212498289920
0906+480,1012352963085191936
1151-324,3467069404319811712
1534-128,6266452701858743552
1004-500,5406671545663055872
1308+145,3743915952472809088
1827+645,2256605572851915264
1421+482,1507375981496003968
2341+154,2771777210560955008
0414-337,4870497346070987776
0449+125,3296130255694402688
2311-452,6529461037182762752
1949-052,4197337775923231616
0525-231,2958545650134471680
1812+560,2150111790029309184
1152-308,3479602973586307200
1020-097,3767928663652302336
1125+366,760593765584040192
0555+378,3457015534420742656
0426+273,152561430242386688
0002-478,4978016560925910400
0206+293,300165647886497792
1035+046,3858618547375379584
0833+276,703893879381864448
1439+066,1171572279831100800
1134-739,5226731245091443328
1625-141,4328731751901684864
1242+410,1522107375723715200
1842-289,4071375971503724032
0732+755,1136281774805193216
1342+662,1672077742390911872
2048+361,1870725782338684928
0201+113,2571526799926416512
0817-063,3063518636579142528
1505+428,1393217159517592192
0654+244,3380495709878560896
2338+330,2872024014993577216
1925-610,6445141380235411968
1428+370,1480546729546999424
0926-039,3825163157321204736
1920+450,2127031632213037440
0226-375,4965391659178388224
2348-432,6532916802228553472
1007+337,746424019934920832
1514-261,6214383129703180800
1714+193,4554619853118856576
0217+166,79702223508655360
1749+062,4474018886233589120
0728-235,5618357220820311424
2306+095,2714421667534668416
0614+421,960094515447779200
1339+696,1685098567108486528
0356+322,170301672400547456
1013+127,3880691659914333440
0800+618,1085020584214397440
1026+055,3861917528934632960
1724+066,4390929681576779648
0209+168,80191235599981952
0906+163,607839233612713472
1743+173,4549466820076210944
1905+222,4521066748279320448
1331-195,6292945846845723520
1056+212,3985508167814505856
0022-044,2540077537556655488
1302+641,1676305016706698240
1420-220,6276484955187616768
1544+541,1597069776403450368
0922+407,812592350521159424
1204+124,3918935869785008384
1049-650,5239540143244126848
0528+134,3389544278257845632
2127+085,1741052679486328320
1939-053,4209150757052509824
0831+557,1033752865271463168
0046+861,574130788382029696
1212+171,3946615903215517824
2106+143,1759981394930629504
1823+017,4276822811522005632
2029+121,1755714804481849472
0753+519,936075134182167552
1243-072,3675476473244734080
1738+476,1363579827887170176
1623+578,1431404920632719744
1745+030,4472173459042209152
1657+054,4392605337296602624
0851+719,1119101592088646784
0442+071,3289095266766508928
1355+115,3727325314146302336
1436+373,1486425375839980800
1239+376,1520354032634472448
0812+100,648532571274356608
0735+674,1095986013679650816
1841+116,4504146741814523520
1724-198,4121285488659423104
2128-208,6830097752786627072
0020+446,385807257115223040
0605-153,2993050901994115200
1530+239,1220923382507612288
0425-071,3198931675454135936
2051+687,2271099781805887488
0747+104,3150370606245650816
1451+270,1269001143335183232
2257-270,6609874094958742912
2053-127,6889443549305967104
1356+478,1509569030453713408
1728+004,4374052590406214400
1055+433,781542760627867904
0932+243,644501074451506304
2005+642,2244441366477784832
0710+196,3363300108228911616
2336+024,2646839326339924480
1650-157,4133958665820003840
0008+006,2546355272210783232
1424+366,1481179395409479040
2343-075,2439435497350195328
1302-208,3505784303948920832
0409+045,3284387673373402752
0542+112,3340021518630349184
1330+071,3718580348414729856
1247+025,3702660695650565376
1157+532,1549059498097061504
0743+182,671221891361492480
0916+718,1119566479348480256
1742+378,1342688896505119488
2306-052,2635302597506270848
1948-186,6870370424171101824
0723+488,976793726250686720
1951-115,4190087218290564608
0127+084,2566926030959084416
0839+687,1118095435870099584
0859+433,1008978252662415616
0855+142,605697625480149888
1742+228,4580460987712372224
0057+334,314652190324104320
1413-168,6296950852310157312
0921+454,819095171525997696
0129+431,396504680618131456
0413-210,5091629067360866688
1153-100,3587722315632718720
1205-140,3570476858003599104
2158-167,6826826052858713856
0345+460,245003351386440448
0758+594,1083527340049034496
0935+181,632931845600067712
0115-214,2353231582414247168
0928-100,5740259632607228672
1310-041,3635980774328554112
1818-050,4173324167091343360
1534+387,1377289943315623680
0519+011,3222129545437092352
0439-299,4879089033008918272
0759-283,5597753266270092928
1341-171,6295191668065694848
1953-325,6747400738777258624
1212+087,3904827859994702208
0910+442,817306850222439936
1213+350,4029107171110293760
1823+689,2259835044661879680
0636-087,3002758253932479232
0400+258,162508922396266112
1505+514,1592820060882344320
2246+208,2835427629456164992
1322-110,3611244408404446592
1815+614,2159072534916557952
0354+599,473737916409452800
2037+511,2180637806230757504
1246+489,1567278478785833600
1312+289,1461785732578814848
0930+396,812957422741681408
1653-329,6026700587968888448
1346-306,6172038158073287296
0435+217,144848493615846528
2007+659,2248070510762303232
2034+222,1818917309826876928
1704+512,1415626379018646400
1600-445,5991354656371691136
1424-834,5769945823788054528
0355+508,250810250248164736
1207-120,3571343307525941248
1451-248,6229150777749748736
2326+082,2760959665411037184
0630-261,2923130449323522048
1839+389,2097796683183328384
1655+077,4441567827032226944
2019-408,6680829531667885056
0743+277,875266781048640640
0748-006,3082645465982430976
1427+543,1605524127467470976
0601-172,2991246397254326784
0242+238,113768323551869568
1142+134,3922996808606997120
0836+426,913525181489426560
1312-533,6068128360720983296
1630-107,4332075263683060352
0032+612,430242954404499072
1617+229,1301648220545242624
1327+504,1553451840891543424
1639-062,4352844213697118976
1947+079,4298419418914502016
1348-289,6176774368833809280
0532-378,4809567634340171776
2229+695,2226346600541409536
0828-222,5702806276541549696
0347-211,5087930718265672320
0653-033,3102846380801399936
0217-189,5131248212227269120
2226+772,2280991847404783360
0820-578,5315426064966270464
2243-081,2611036101003643648
1811+298,4590045258772526080
2033-286,6798517304936585600
1151+598,846616050648313728
1005-739,5205731328916784128
1304+791,1716909981120825984
0813+557,1033182798556516608
1218-024,3693501935590512896
2157+102,2726519250377496320
0307+380,139596504524330240
0019+451,391834882937807232
2321-065,2632649785185838976
0527-253,2957267777105017856
1144+542,840786199479874304
1457+449,1585819745227165184
0548+689,481869045412423936
0211+171,80532771399434368
0557-001,3026416991089916544
2139-249,6814680473756416128
1828-733,6418267013949839360
2106-413,6581524458946044544
1719-050,4363073283906186624
0046+511,415135389756666752
1358-298,6173504047591152128
1710-269,4108619694507256448
0454+550,279504789312653696
1042+071,3865511798086333696
1138+006,3795905565222304768
0843-371,5625310021249420288
0135-274,5035835105723018112
1824+578,2151303007798014080
0254+434,432694624810594304
1035+430,780731286687369600
1349-275,6177221354669980416
2139-232,6816595372040079104
1939-316,6751113957049821440
1418-192,6283878552408861440
0844-259,5652339075081311872
1446+042,1157877381470833536
0119-011,2533531732519963776
2323+009,2645536439420735104
0629-141,2951244033934867456
0037+487,390641603583879936
2236+124,2731715512266025728
1300+580,1578536133527699456
1721+589,1434033681136165376
0235+205,88055045841100032
1133+344,4025976139951805696
0008-222,2340372038012750336
0408+085,3298582127968854272
0250-122,5160330810175378560
1012-448,5414203921864362752
1204+057,3894973590109870592
1252+028,3702731025739404672
0051+706,536116509588824832
0327-241,5086162158110832896
0043-268,2343623431334938880
2346+750,2232318975902270080
0634-057,3103230660114216576
1642+183,4562343613065666304
1221+071,3900609411835982976
1003+174,623207730404295680
1945-325,6747787590777661312
0837+448,917362721883891200
1856-252,4074352143318153472
1048-313,5451362707596151680
0422+079,3287043543709543296
0025+197,2796062364402066304
0602-424,5572145812253399040
1317+019,3688346699228588288
1722+330,1333884355283580800
2118-266,6790964587766168704
2216-275,6621788609115562240
0256-256,5073239112614801920
0613-030,3117696075606673920
0627-199,2939788226583221376
2025-538,6474005278450073216
1253+185,3940983375728940032
2356+390,2881824413103840640
0023-354,5005028297445398656
2337-334,2324722104899885056
2350+704,2215378422298491008
1613+216,1205421295047824384
0055-340,5003207849788006912
1128-047,3785968904980836864
1142-225,3492397543723176960
2146-783,6355523108031919232
1953-200,6866965133581484928
0753-425,5533888339526293632
0844-342,5626996156691356800
1622-253,6048934598549717248
0150+000,2510771979263936512
1614-195,6245543735911259008
0511-220,2962433768066757888
2111+111,1744862727800166400
0517-726,4651226415068185856
2350+395,1920937527730515328
0610+782,1140867592991468544
1438-328,6215828025425735808
2046+535,2182468836694654208
1338+285,1454776891411444224
0630+497,967945131549079936
0728-320,5592962526603108608
0657-276,5610649644307817856
1046-222,3550108061502292864
1005-162,5674013610357037184
1700+151,4545899527615620992
1139+160,3972367663832970752
0302-437,4755420947278844544
0900+520,1016541930588286080
2300+142,2816067222557775744
2050+161,1764376172973082624
0927+352,798405420707265408
0418+437,229570335598842624
0842+048,582310360321718912
1307+010,3690844033732887936
1831+050,4284627591738077952
2220-318,6613714276756606080
1618-399,5993976888542999680
1452+301,1281976613198061312
0219-164,5144158780837642752
2118+188,1785640143736259328
1603+301,1320314934391166592
0910-276,5636177074489607296
1908+484,2131214346243949440
2246+370,1927921174617196032
0128+383,322929657455129344
1557+032,4412920085929273856
0648-287,5608663720149447936
0633-263,2922905289959624576
0338+388,224307896850912896
0705-412,5564221808048902528
0250-225,5079228015012292224
0430+289,152822942211428224
0722+032,3136162132877285888
0251+235,113180222270414976
0851-382,5621968772922132864
0153+222,97806678891957376
1409+218,1253273522852872576
0404-240,5089154440347507200
0857+413,720542989390514304
2256-296,6606120808937813504
0012+319,2863266267439599872
2139-260,6811519442251197056
0614-106,3004468849211960064
0902-350,5624317608929059968
0426+181,3314418978059623040
2239+296,1887942897471364736
0759+183,669114535592668544
0620-194,2943102425206558208
0229+230,89883495022961280
2054-377,6775397977018279296
2251+134,2720071645472572416
0212-620,4701572124791008000
0651-194,2933167719175307648
2044-120,6900285524223042688
1536+046,4427728549051208448
0929-289,5633536459875111424
0335-122,5115288491710051456
2201+676,2220070867340593536
2022-289,6797758783648972288
1651+391,1352782550686684672
0008+704,531185337375935872
1036+054,3858734270973963904
2350+302,2867601779226556160
1314+677,1678644128911396992
1128+090,3914262425674727680
1329+063,3717962148006494080
1243-160,3523563716208043520
0628-627,5477360694394972800
1642+690,1648854540688432384
0011-046,2444180680298239616
0911+354,714674895832769024
1336-260,6190488955324165632
0548+37A,3457731011546567424
0838-090,5750386615734817920
2114+053,1732732846798333184
1345-164,6295175110966212736
1923+210,2018023648585908224
1718+384,1340520453416407808
1358+046,3671708476960444032
1427+000,3653302553527760256
0400-319,4883569027496069888
1314-134,3609171382308552192
0759+252,681806718002668672
1035-268,5468196853387292288
2024-217,6858998656440558592
0506-332,4826861165538053248
0625+034,3124368977315804288
1042+178,3982821378008939392
2004+064,4250366981213078272
0035+413,381436904551687680
0239+175,82137847922098304
0010+336,2875712670345686784
0452+068,3288498953507143680
2214-192,6822465458462103296
1910+375,2099266322212029056
1904+013,4267602856778093440
0549-191,2966584424460700032
1811+430,2113294028994310016
0503+216,3415144589741757312
1118+073,3817502584932290688
1019+416,804751187644999424
1455+080,1161460002671175040
0554+242,3427951147129070336
2054-075,6909818564914354176
1649+063,4440993229126973952
0318-388,4853952273053321984
1621-067,4352052290446984192
1236-684,5855743297415453312
0145+420,347608058501202432
2013+370,2060630956787361024
1600-294,6040349096363788800
0224+540,455616766493890176
0738+491,981845329345941888
0009+467,392976450884047872
1221+484,1545500555051296384
0205-010,2506841912389478272
0801-079,3039809489393539840
1224-443,6133183581811869184
2304+322,1910949426665446016
0421+145,3311138001001688576
0001+459,387054966590038656
0420-206,5091526842843220736
2154-135,6840634510153907072
0415+572,469133848906091904
0604+728,1113964025225929088
1737+339,4602282445232405376
0521+632,287427221565596288
1250-330,6159381881587761280
0251+785,567478395139942528
0039+230,2803291653354633600
1922+333,2046264398562162560
0345+416,231147237133300096
1541-230,6240071294739112960
1257+123,3737203433985388800
0258+533,441260610673336448
1125+062,3814205355718966784
1949+014,4240586962724930048
0059+163,2784470694346528000
1251-197,3508824560974762496
0851+075,584767974968594688
1706-174,4135536907395788416
0823-500,5322675866683815552
2210+361,1906605840342558848
0334-131,5113527761277642368
1640-039,4354564399639761664
1839+548,2147726433911867392
0405-015,3253410616886612864
1113+087,3818731564054043648
1942-020,4235009105872368512
2310+724,2228554213731393408
1944+126,4304847095178555136
0603+882,1152338282408087040
2022+542,2185047844292882560
1847+303,2041749730796722176
1217-266,3475915074148916736
0913-302,5634666586031864832
1303-170,3511105802788711040
0406+065,3297109336440540800
0414-341,4870470579834647936
0749+376,919170834396349568
1225+028,3700695765293493376
0350+465,245087395306862080
1009+234,630126815343681280
0902-309,5629142673971433856
0928+280,695894687474722560
1555+455,1396945500368680960
1450-218,6232181031794728576
1812+412,2113036120500545920
1227+274,4008985214968996480
1109-567,5339989738870461952
1656+482,1408303764720939776
0646+563,1000198858473457152
1048+347,738378339303790720
0646+600,1003337723652768896
1722+401,1346910849356764544
1646+042,4434403993382002304
1928+681,2261061515523350400
1950+727,2263898947013778176
0632-235,2924737213771163648
0836-384,5529108006566842496
0434-240,4894764632847614592
1806+456,2116212472154731520
2235+731,2231086182850213120
2128+333,1854264512718325248
0632+502,967973237815529984
0503-043,3212799364641782912
2114+048,1732632653801845632
1022-665,5245168513194426240
0837+035,3080064671668586240
0641-248,2923556235202612864
0213+051,2519820582003403264
1400+588,1658431012088077568
1508+572,1613062795800268928
1440-220,6278713699616668928
2102-659,6401251968429670528
1855+163,4508025470915856128
0723-189,2930612797753765888
1929+312,2044865952911132800
1156-094,3587866008058866048
1829+219,4529130738347916160
0511-203,2963301798136628352
2040+127,1755251463411616128
0334-546,4732480702317346176
1222+438,1535533924527249536
1505-156,6307606356934211968
0639-032,3105638762378661888
0239+108,25350786766710528
2157-255,6812348989414048768
1934+615,2239404538070673792
0200+539,456304270495031808
1322+479,1552730183307054464
0340+362,223007075812166656
0506-196,2975511114551115904
0759+779,1138432316471136384
1251-407,6140188497377166464
0522-283,2906862350156887296
1908+230,4521220542474540288
2032+281,1857480859110060032
1504-166,6305840816139160192
1156+101,3918154456319482624
0725-381,5585863323615957248
0814-241,5696336921922946560
0356-033,3246807568525516288
1138+644,864218750772464896
0803-047,3067828481640723712
2052+239,1842644324078481024
2215+316,1895951946328280704
0139-022,2508520316888908672
0323-244,5086103570458388608
2255+416,1931251767138134528
0409+527,274952295779204736
0830+040,3080285883959261696
1034-058,3776626350384189824
0148+250,297334332429885184
1606+403,1380022401509398272
0302+173,34844829154364800
0213-026,2493681380975372800
1958+103,4300669706912059520
1707-038,4365088615702675200
2353+816,2286608157094592640
0729+019,3134975759830784768
1257+519,1557565393065356800
0329-110,5163712220747588480
0529-031,3216726171637867136
0357-263,5082467141907910784
1428+422,1491604311829975296
2351+456,1927119325700619520
0346+800,556068939074535808
1540-828,5768855073892306560
2256+570,2010067062724229760
1753+731,1651661147198162816
2219-340,6599725332050954880
0317+659,491447440959651712
1701+016,4381878536217329280
0324-379,4853710380495236736
2034-066,6908046186530327680
0705-142,3044436096888893824
1325+126,3739375721068971904
0220-349,4967207163331032704
